<?xml version="1.0" encoding="utf-8" standalone="yes" ?>
<rss version="2.0" xmlns:atom="http://www.w3.org/2005/Atom">
  <channel>
    <title>Posts on Slow Man Tofu</title>
    <link>http://www.slowmantofu.com/posts/</link>
    <description>Recent content in Posts on Slow Man Tofu</description>
    <generator>Hugo -- gohugo.io</generator>
    <language>en</language>
    <lastBuildDate>Sun, 03 Sep 2017 12:05:40 -0700</lastBuildDate>
    
	<atom:link href="http://www.slowmantofu.com/posts/index.xml" rel="self" type="application/rss+xml" />
    
    
    <item>
      <title>Touring Ontario &#43; Québec</title>
      <link>http://www.slowmantofu.com/posts/novembtour/</link>
      <pubDate>Sun, 03 Sep 2017 12:05:40 -0700</pubDate>
      
      <guid>http://www.slowmantofu.com/posts/novembtour/</guid>
      <description>Tonight the Caravan Stage Company performs its last show in Vancouver on False Creek. It&amp;rsquo;s been fun being the Sound Engineer on this tour that wraps up at the end of this month. Nine months living on a boat and travelling the seas has been a long time. I&amp;rsquo;m excited to get back to making music more often, and for a Slow Man Tofu tour this autumn!
Today I&amp;rsquo;m releasing details for 9 tour dates scheduled for late November in Ontario and Montréal.</description>
    </item>
    
    <item>
      <title>Victoria</title>
      <link>http://www.slowmantofu.com/posts/victoria/</link>
      <pubDate>Sun, 25 Jun 2017 21:40:52 -0700</pubDate>
      
      <guid>http://www.slowmantofu.com/posts/victoria/</guid>
      <description>I’m living in Victoria, BC for the next month while I’m on vacation from being the Sound Engineer with the Caravan Stage Company. We’ve been touring internationally since April, and it’s been a thrill to work with them. It’s given me time to write new songs, and lots of memories and experiences to write about. I hope to record these in 2018.
The Caravan Stage Company tours on a 90 foot tall ship.</description>
    </item>
    
  </channel>
</rss>